0,0,126,-99,63,147.52937543285395,99,63,32.47131724722682
1,0,126,-99,63,147.52937543285395,99,63,32.47131724722682
2,0,126,-99,63,147.52937543285395,99,63,32.47131724722682
3,0,126,-99,63,147.52937543285395,99,63,32.47131724722682
4,0,126,-99,63,147.52937543285395,99,63,32.47131724722682
5,0,126,-99,63,147.52937543285395,99,63,32.47131724722682
6,0,126,-99,63,147.52937543285395,99,63,32.47131724722682
7,0,126,-99,63,147.52937543285395,99,63,32.47131724722682
8,0,126,-99,63,147.52937543285395,99,63,32.47131724722682
9,0,126,-99,63,147.52937543285395,99,63,32.47131724722682
10,0,126,-99,63,147.52937543285395,99,63,32.47131724722682
11,0,126,-99,63,147.52937543285395,99,63,32.47131724722682
12,0,126,-99,63,147.52937543285395,99,63,32.47131724722682
13,0,126,-99,63,147.52937543285395,99,63,32.47131724722682
14,0,126,-99,63,147.52937543285395,99,63,32.47131724722682
15,0,126,-99,63,147.52937543285395,99,63,32.47131724722682
16,0,126,-99,63,147.52937543285395,99,63,32.47131724722682
17,0,126,-99,63,147.52937543285395,99,63,32.47131724722682
18,0,126,-99,63,147.52937543285395,99,63,32.47131724722682
19,0,126,-99,63,147.52937543285395,99,63,32.47131724722682
20,0,126,-99,63,147.52937543285395,99,63,32.47131724722682
21,0,126,-99,63,147.52937543285395,99,63,32.47131724722682
22,0,126,-99,63,147.52937543285395,99,63,32.47131724722682
23,0,126,-99,63,147.52937543285395,99,63,32.47131724722682
24,0,126,-99,63,147.52937543285395,99,63,32.47131724722682
25,0,126,-99,63,147.52937543285395,99,63,32.47131724722682
26,0,126,-99,63,147.52937543285395,99,63,32.47131724722682
27,0,126,-99,63,147.52937543285395,99,63,32.47131724722682
28,0,126,-99,63,147.52937543285395,99,63,32.47131724722682
29,0,126,-99,63,147.52937543285395,99,63,32.47131724722682
30,0,126,-99,63,147.52937543285395,99,63,32.47131724722682
31,0,126,-99,63,147.52937543285395,99,63,32.47131724722682
32,0,126,-99,63,147.52937543285395,99,63,32.47131724722682
33,0,126,-99,63,147.52937543285395,99,63,32.47131724722682
34,0,126,-99,63,147.52937543285395,99,63,32.47131724722682
35,0,126,-99,63,147.52937543285395,99,63,32.47131724722682
36,0,126,-99,63,147.52937543285395,99,63,32.47131724722682
37,0,126,-99,63,147.52937543285395,99,63,32.47131724722682
38,0,126,-99,63,147.52937543285395,99,63,32.47131724722682
39,0,126,-99,63,147.52937543285395,99,63,32.47131724722682
40,4,126,-97,66,145.76870550938645,101,60,30.71294590495876
41,7,128,-94,69,143.7202995718241,101,59,30.29181266950893
42,10,128,-93,72,142.2537420346939,103,56,28.53256300623059
43,13,128,-91,74,140.88298773711642,104,54,27.439833542382484
44,17,128,-88,77,138.8146090217602,105,51,25.906607693525796
45,20,128,-86,79,137.42980218194523,106,49,24.809503847587308
46,22,129,-85,81,136.3808788954149,107,48,24.161008099905626
47,24,129,-83,82,135.34776374341433,107,47,23.713686141534367
48,26,129,-82,84,134.31023965585516,108,45,22.619951994317535
49,29,129,-80,86,132.9304808910806,109,43,21.52908973025149
50,32,129,-77,88,131.18642999836098,109,41,20.61370822403267
51,33,129,-77,88,131.18642999836098,110,41,20.441875223001514
52,35,130,-75,90,129.8060706130067,110,40,19.983183421343536
53,39,130,-72,92,128.0475352853581,111,38,18.898319639926033
54,40,130,-71,93,127.36008334704732,111,37,18.43501976471001
55,42,130,-69,94,126.28073944829708,111,36,17.969208889407945
56,44,130,-68,95,125.59517181537076,112,35,17.354091418412363
57,46,130,-66,97,124.23233351073472,112,33,16.41729600760235
58,48,130,-64,98,123.14746972931722,112,32,15.94545726235686
59,50,130,-63,99,122.47166358726722,113,31,15.34094979916853
60,52,130,-61,100,121.38365816590672,113,30,14.868338574955612
61,55,130,-58,101,119.86737812609994,113,29,14.393648358241299
62,56,130,-58,102,119.62420908999574,114,28,13.799538499511918
63,58,128,-56,103,118.53290934627098,114,25,12.369109124828487
64,61,128,-54,104,117.44017988242288,115,24,11.788228662661844
65,63,127,-52,105,116.34681378437855,115,22,10.830121219964632
66,65,127,-50,106,115.25360691441017,115,21,10.34872391203619
67,68,127,-47,107,113.71403248157476,115,20,9.865844908906315
68,69,126,-47,107,113.71403248157476,116,19,9.302090507676645
69,71,126,-45,108,112.62029833435793,116,18,8.820413494805617
70,72,125,-44,108,112.16677746315739,116,17,8.337476523189434
71,73,124,-43,109,111.52943607029188,116,15,7.368079425523356
72,75,124,-41,110,110.44222156304191,116,14,6.881750113041841
73,78,122,-38,111,108.89866597996642,116,11,5.4170429597639185
74,80,121,-37,111,108.43536610475041,117,10,4.885221367464576
75,81,120,-36,111,107.96955522944835,117,9,4.398722282193202
76,83,119,-34,112,106.88720244811688,117,7,3.423884420749627
77,83,119,-34,112,106.88720244811688,117,7,3.423884420749627
78,83,119,-34,112,106.88720244811688,117,7,3.423884420749627
79,83,119,-34,112,106.88720244811688,117,7,3.423884420749627
80,83,119,-34,112,106.88720244811688,117,7,3.423884420749627
81,83,119,-34,112,106.88720244811688,117,7,3.423884420749627
82,83,119,-34,112,106.88720244811688,117,7,3.423884420749627
83,83,119,-34,112,106.88720244811688,117,7,3.423884420749627
84,83,119,-34,112,106.88720244811688,117,7,3.423884420749627
85,84,118,-33,112,106.41764234764274,117,6,2.9356847435462843
86,86,116,-31,113,105.34129613920892,117,3,1.4688063666580329
87,89,112,-28,114,103.7998848395523,117,-2,359.0206765770204
88,93,109,-24,115,101.78857500270225,117,-6,357.0643152564537
89,96,107,-21,115,100.34907025207659,117,-8,356.088413134872
90,98,105,-19,116,99.30243684771705,117,-11,354.62898463568075
91,100,103,-16,116,97.85368986331692,116,-13,353.60557762770594
92,104,99,-12,116,95.90651018195702,116,-17,351.6625234768106
93,106,97,-9,117,94.3990686222336,115,-20,350.1341550910937
94,108,95,-7,117,93.42423076079002,115,-22,349.1698787800354
95,110,93,-5,117,92.44740439915208,115,-24,348.2117713373382
96,112,90,-2,117,90.97966976301998,114,-27,346.67541746234593
97,114,87,1,117,89.51064886245348,113,-30,345.1316614250444
98,115,85,2,117,89.02102291706082,113,-32,344.1885682241855
99,117,83,5,117,87.55328828092873,112,-34,343.1131438919235
100,120,78,10,117,85.11512497257583,110,-39,340.47819460011476
101,121,75,12,116,84.09418249812376,109,-41,339.3862917759673
102,122,72,14,116,83.11859622699856,108,-44,337.833568876883
103,123,71,15,116,82.63226691451705,108,-45,337.38004800568245
104,123,70,15,116,82.63226691451705,108,-46,336.9294989700919
105,123,70,15,116,82.63226691451705,108,-46,336.9294989700919
106,123,70,15,116,82.63226691451705,108,-46,336.9294989700919
107,123,70,15,116,82.63226691451705,108,-46,336.9294989700919
108,123,70,15,116,82.63226691451705,108,-46,336.9294989700919
109,123,70,15,116,82.63226691451705,108,-46,336.9294989700919
110,123,70,15,116,82.63226691451705,108,-46,336.9294989700919
111,123,70,15,116,82.63226691451705,108,-46,336.9294989700919
112,123,68,16,116,82.14700281676389,107,-48,335.83899190009436
113,124,64,19,115,80.61880007715207,105,-51,334.0933923064742
114,125,60,22,115,79.17022512007577,103,-55,331.89854055378106
115,126,56,25,114,77.63123721521191,101,-58,330.13296821394044
116,128,51,29,113,75.6066979817991,99,-62,327.9425009018745
117,128,48,31,113,74.65939654087185,97,-65,326.17370807121216
118,129,46,33,112,73.58305033243803,96,-66,325.4913442158511
119,130,40,37,111,71.56532657533039,93,-71,322.6402629929931
120,132,36,41,110,69.55847111703889,91,-74,320.8822950570356
121,132,34,42,109,68.92753862754552,90,-75,320.1942757270337
122,133,30,46,108,66.9298453101323,87,-78,318.1219693067487
123,134,26,49,106,65.19084249245309,85,-80,316.73553809828593
124,134,24,50,106,64.74708576567063,84,-82,315.69010668418525
125,135,19,54,104,62.560512797657914,81,-85,313.6194674446255
126,135,16,56,103,61.46778333380981,79,-87,312.2407085536989
127,135,13,58,101,60.13331455398086,77,-88,311.1857373182802
128,135,8,62,99,57.94284724191489,73,-91,308.7363121123387
129,135,5,64,98,56.85322295076356,71,-93,307.35939066696653
130,135,2,66,97,55.768359169346056,69,-95,305.99128842122633
131,135,-3,70,94,53.325855539403385,65,-97,303.82594558874746
132,135,-8,73,91,51.26368788766131,62,-99,302.0571527580851
133,135,-11,75,90,50.19462206707409,60,-101,300.7125995649184
134,135,-13,77,88,48.8142626817198,58,-101,299.8666854460191
135,135,-16,79,87,47.75929144630111,56,-103,298.5322166661902
136,135,-19,81,85,46.380532555374494,54,-104,297.4394872023421
137,135,-22,83,83,45.0001731700202,52,-105,296.34612110429777
138,135,-27,86,79,42.570890498135554,49,-106,294.8091575075469
139,135,-29,87,78,41.87803069325126,48,-107,294.1606617598652
140,134,-30,88,77,41.1860836583206,46,-107,293.26292868452043
141,134,-30,88,77,41.1860836583206,46,-107,293.26292868452043
142,134,-30,88,77,41.1860836583206,46,-107,293.26292868452043
143,134,-30,88,77,41.1860836583206,46,-107,293.26292868452043
144,134,-30,88,77,41.1860836583206,46,-107,293.26292868452043
145,134,-30,88,77,41.1860836583206,46,-107,293.26292868452043
146,134,-30,88,77,41.1860836583206,46,-107,293.26292868452043
147,134,-30,88,77,41.1860836583206,46,-107,293.26292868452043
148,134,-30,88,77,41.1860836583206,46,-107,293.26292868452043
149,134,-30,88,77,41.1860836583206,46,-107,293.26292868452043
150,133,-35,91,74,39.11770494296437,42,-109,291.0724613724545
151,131,-39,93,72,37.74695064538692,38,-111,288.8979732998856
152,130,-42,94,69,36.28039310825668,36,-111,287.96886254936754
153,129,-44,95,68,35.59482547533036,34,-112,286.8865097680361
154,127,-48,97,65,33.82629192878782,30,-113,284.8679922349152
155,127,-50,98,63,32.735352244547485,29,-113,284.39330201820087
156,125,-52,99,62,32.057499098125504,26,-114,282.84740795950637
157,124,-53,100,61,31.383311825866343,24,-114,281.888357449791
158,124,-54,100,61,31.383311825866343,24,-115,281.78788232262144
159,123,-56,101,59,30.29181266950893,22,-115,280.82977487992423
160,121,-58,102,57,29.197598404492215,19,-115,279.38119992284794
161,120,-60,103,56,28.53256300623059,17,-116,278.33713018314904
162,119,-64,105,52,26.346467444338174,14,-116,276.88140377300147
163,118,-66,106,50,25.253260574369772,12,-116,275.90581750187624
164,116,-70,107,47,23.713686141534367,9,-117,274.3983759421528
165,115,-72,108,45,22.619951994317535,7,-117,273.42353808070925
166,114,-74,109,43,21.52908973025149,5,-117,272.4467117190713
167,114,-74,109,43,21.52908973025149,5,-117,272.4467117190713
168,114,-74,109,43,21.52908973025149,5,-117,272.4467117190713
169,114,-74,109,43,21.52908973025149,5,-117,272.4467117190713
170,114,-74,109,43,21.52908973025149,5,-117,272.4467117190713
171,114,-74,109,43,21.52908973025149,5,-117,272.4467117190713
172,114,-74,109,43,21.52908973025149,5,-117,272.4467117190713
173,114,-74,109,43,21.52908973025149,5,-117,272.4467117190713
174,114,-74,109,43,21.52908973025149,5,-117,272.4467117190713
175,113,-76,110,41,20.441875223001514,3,-117,271.46846002661766
176,111,-78,110,39,19.521805399885235,1,-117,270.4893511375465
177,108,-81,111,36,17.969208889407945,-3,-117,268.5308472933016
178,107,-84,112,33,16.41729600760235,-5,-117,267.5525956008479
179,103,-88,113,29,14.393648358241299,-10,-117,265.11443229249505
180,100,-90,114,26,12.847754299546773,-14,-116,263.1179035469178
181,98,-92,115,24,11.788228662661844,-17,-116,261.6621771367702
182,96,-95,115,20,9.865844908906315,-19,-115,260.6181073970713
183,94,-97,116,18,8.820413494805617,-22,-115,259.16953243999495
184,92,-99,116,16,7.853343523276511,-24,-115,258.21142499729774
185,88,-101,116,13,6.394422372294038,-28,-114,256.2001151604477
186,86,-103,117,10,4.885221367464576,-31,-113,254.6587038607911
187,83,-104,117,8,3.911586865127991,-34,-112,253.11279755188312
188,80,-106,117,5,2.4470580591116775,-37,-111,251.56463389524959
189,79,-107,117,4,1.958074964313514,-38,-111,251.10133402003356
190,76,-108,117,2,0.9793234229795835,-41,-110,249.55777843695807
191,74,-109,117,0,0.0,-43,-109,248.47056392970813
192,72,-110,117,-2,359.0206765770204,-45,-108,247.37970166564207
193,69,-111,117,-4,358.04192503568646,-48,-107,245.83864556005398
194,66,-113,117,-8,356.088413134872,-51,-105,244.0930459664338
195,62,-114,117,-10,355.11477863253543,-55,-104,242.12759387607667
196,58,-116,116,-14,353.11824988695815,-58,-102,240.37579091000424
197,51,-119,115,-21,349.6512760879638,-64,-98,236.8525302706828
198,46,-120,114,-25,347.63089087517153,-68,-95,234.40482818462925
199,41,-121,113,-29,345.6063516417587,-72,-92,231.9524647146419
200,36,-124,112,-35,342.64590858158766,-76,-89,229.50440468943114
201,34,-124,111,-36,342.0307911105921,-77,-88,228.81357000163902
202,33,-125,111,-38,341.10168036007394,-78,-87,228.12162296670834
203,33,-125,111,-38,341.10168036007394,-78,-87,228.12162296670834
204,33,-125,111,-38,341.10168036007394,-78,-87,228.12162296670834
205,33,-125,111,-38,341.10168036007394,-78,-87,228.12162296670834
206,33,-125,111,-38,341.10168036007394,-78,-87,228.12162296670834
207,33,-125,111,-38,341.10168036007394,-78,-87,228.12162296670834
208,33,-125,111,-38,341.10168036007394,-78,-87,228.12162296670834
209,33,-125,111,-38,341.10168036007394,-78,-87,228.12162296670834
210,33,-125,111,-38,341.10168036007394,-78,-87,228.12162296670834
211,29,-126,110,-41,339.5581247769985,-81,-85,226.3798398752937
212,25,-127,108,-45,337.38004800568245,-83,-82,224.65223625658567
213,21,-127,107,-48,335.83899190009436,-86,-79,222.57019781805477
214,14,-128,104,-53,332.9958053794863,-90,-75,219.8050315928855
215,10,-128,103,-56,331.4674369937694,-93,-72,217.7462579653061
216,8,-128,102,-58,330.3761372500446,-94,-70,216.6737981205562
217,6,-128,101,-59,329.70818733049106,-95,-69,215.99094208118592
218,4,-128,100,-61,328.6166881741336,-96,-67,214.9112718850257
219,3,-128,99,-62,327.9425009018745,-96,-66,214.50796310406812
220,2,-128,99,-62,327.9425009018745,-97,-66,214.23129449061355
221,0,-128,98,-64,326.8528766107232,-98,-64,213.14643070919604
222,-3,-128,96,-66,325.4913442158511,-99,-62,212.05680641804472
223,-5,-128,95,-68,324.40517452466963,-100,-60,210.9631830074226
224,-7,-128,94,-69,323.7196068917433,-101,-59,210.29111998942815
225,-9,-128,93,-71,322.6402629929931,-102,-57,209.1969057244114
226,-11,-128,92,-72,321.9528110546823,-103,-56,208.53187032614977
227,-12,-128,91,-73,321.26334154762094,-103,-55,208.10076676613815
228,-15,-128,89,-75,319.8791193895185,-104,-53,207.00350194043293
229,-16,-128,89,-76,319.50475102947155,-105,-52,206.34577476425738
230,-16,-128,89,-76,319.50475102947155,-105,-52,206.34577476425738
231,-16,-128,89,-76,319.50475102947155,-105,-52,206.34577476425738
232,-16,-128,89,-76,319.50475102947155,-105,-52,206.34577476425738
233,-16,-128,89,-76,319.50475102947155,-105,-52,206.34577476425738
234,-16,-128,89,-76,319.50475102947155,-105,-52,206.34577476425738
235,-16,-128,89,-76,319.50475102947155,-105,-52,206.34577476425738
236,-16,-128,89,-76,319.50475102947155,-105,-52,206.34577476425738
237,-16,-128,89,-76,319.50475102947155,-105,-52,206.34577476425738
238,-16,-128,89,-76,319.50475102947155,-105,-52,206.34577476425738
239,-16,-128,89,-76,319.50475102947155,-105,-52,206.34577476425738
240,-16,-128,89,-76,319.50475102947155,-105,-52,206.34577476425738
241,-16,-128,89,-76,319.50475102947155,-105,-52,206.34577476425738
242,-16,-128,89,-76,319.50475102947155,-105,-52,206.34577476425738
243,-16,-128,89,-76,319.50475102947155,-105,-52,206.34577476425738
244,-16,-128,89,-76,319.50475102947155,-105,-52,206.34577476425738
245,-16,-128,89,-76,319.50475102947155,-105,-52,206.34577476425738
246,-19,-128,87,-78,318.1219693067487,-106,-50,205.252567894289
247,-22,-128,85,-80,316.73553809828593,-107,-48,204.16031541982483
248,-26,-129,82,-84,314.30954697577437,-108,-45,202.61925931423673
249,-31,-129,78,-87,311.87768435321084,-109,-42,201.07211503241408
250,-34,-129,76,-89,310.49490263048807,-110,-40,199.98249074126272
251,-36,-129,74,-90,309.4276075829581,-110,-39,199.52111271980445
252,-39,-129,72,-92,308.04684260527733,-111,-37,198.43432708462922
253,-42,-129,70,-94,306.6741444605966,-112,-35,197.35339873833158
254,-46,-129,66,-96,304.50830944410853,-112,-33,196.41660332752156
255,-51,-128,62,-99,302.0571527580851,-113,-29,194.3929556781605
256,-56,-126,58,-101,299.8666854460191,-114,-25,192.3684164447477
257,-59,-124,56,-103,298.5322166661902,-115,-21,190.34803123195542
258,-61,-124,54,-104,297.4394872023421,-115,-20,189.86515222882554
259,-62,-123,53,-104,297.00384828047333,-115,-19,189.38085358280753
260,-62,-123,53,-104,297.00384828047333,-115,-19,189.38085358280753
261,-62,-123,53,-104,297.00384828047333,-115,-19,189.38085358280753
262,-62,-123,53,-104,297.00384828047333,-115,-19,189.38085358280753
263,-62,-123,53,-104,297.00384828047333,-115,-19,189.38085358280753
264,-62,-123,53,-104,297.00384828047333,-115,-19,189.38085358280753
265,-62,-123,53,-104,297.00384828047333,-115,-19,189.38085358280753
266,-62,-123,53,-104,297.00384828047333,-115,-19,189.38085358280753
267,-62,-123,53,-104,297.00384828047333,-115,-19,189.38085358280753
268,-62,-123,53,-104,297.00384828047333,-115,-19,189.38085358280753
269,-62,-123,53,-104,297.00384828047333,-115,-19,189.38085358280753
270,-62,-123,53,-104,297.00384828047333,-115,-19,189.38085358280753
271,-62,-123,53,-104,297.00384828047333,-115,-19,189.38085358280753
272,-62,-123,53,-104,297.00384828047333,-115,-19,189.38085358280753
273,-62,-123,53,-104,297.00384828047333,-115,-19,189.38085358280753
274,-62,-123,53,-104,297.00384828047333,-115,-19,189.38085358280753
275,-62,-123,53,-104,297.00384828047333,-115,-19,189.38085358280753
276,-62,-123,53,-104,297.00384828047333,-115,-19,189.38085358280753
277,-62,-123,53,-104,297.00384828047333,-115,-19,189.38085358280753
278,-62,-123,53,-104,297.00384828047333,-115,-19,189.38085358280753
279,-62,-123,53,-104,297.00384828047333,-115,-19,189.38085358280753
280,-62,-123,53,-104,297.00384828047333,-115,-19,189.38085358280753
281,-62,-123,53,-104,297.00384828047333,-115,-19,189.38085358280753
282,-62,-123,53,-104,297.00384828047333,-115,-19,189.38085358280753
283,-62,-123,53,-104,297.00384828047333,-115,-19,189.38085358280753
284,-62,-123,53,-104,297.00384828047333,-115,-19,189.38085358280753
285,-62,-123,53,-104,297.00384828047333,-115,-19,189.38085358280753
286,-62,-123,53,-104,297.00384828047333,-115,-19,189.38085358280753
287,-62,-123,53,-104,297.00384828047333,-115,-19,189.38085358280753
288,-62,-123,53,-104,297.00384828047333,-115,-19,189.38085358280753
289,-62,-123,53,-104,297.00384828047333,-115,-19,189.38085358280753
290,-62,-123,53,-104,297.00384828047333,-115,-19,189.38085358280753
291,-62,-123,53,-104,297.00384828047333,-115,-19,189.38085358280753
292,-62,-123,53,-104,297.00384828047333,-115,-19,189.38085358280753
293,-62,-123,53,-104,297.00384828047333,-115,-19,189.38085358280753
294,-62,-123,53,-104,297.00384828047333,-115,-19,189.38085358280753
295,-62,-123,53,-104,297.00384828047333,-115,-19,189.38085358280753
296,-62,-123,53,-104,297.00384828047333,-115,-19,189.38085358280753
297,-62,-123,53,-104,297.00384828047333,-115,-19,189.38085358280753
298,-62,-123,53,-104,297.00384828047333,-115,-19,189.38085358280753
299,-62,-123,53,-104,297.00384828047333,-115,-19,189.38085358280753
300,-62,-123,53,-104,297.00384828047333,-115,-19,189.38085358280753
301,-62,-123,53,-104,297.00384828047333,-115,-19,189.38085358280753
302,-62,-123,53,-104,297.00384828047333,-115,-19,189.38085358280753
303,-62,-123,53,-104,297.00384828047333,-115,-19,189.38085358280753
304,-62,-123,53,-104,297.00384828047333,-115,-19,189.38085358280753
305,-62,-123,53,-104,297.00384828047333,-115,-19,189.38085358280753
306,-62,-123,53,-104,297.00384828047333,-115,-19,189.38085358280753
307,-62,-123,53,-104,297.00384828047333,-115,-19,189.38085358280753
308,-62,-123,53,-104,297.00384828047333,-115,-19,189.38085358280753
309,-62,-123,53,-104,297.00384828047333,-115,-19,189.38085358280753
310,-62,-123,53,-104,297.00384828047333,-115,-19,189.38085358280753
311,-62,-123,53,-104,297.00384828047333,-115,-19,189.38085358280753
312,-62,-123,53,-104,297.00384828047333,-115,-19,189.38085358280753
313,-62,-123,53,-104,297.00384828047333,-115,-19,189.38085358280753
314,-62,-123,53,-104,297.00384828047333,-115,-19,189.38085358280753
315,-62,-123,53,-104,297.00384828047333,-115,-19,189.38085358280753
316,-62,-123,53,-104,297.00384828047333,-115,-19,189.38085358280753
317,-62,-123,53,-104,297.00384828047333,-115,-19,189.38085358280753
318,-62,-123,53,-104,297.00384828047333,-115,-19,189.38085358280753
319,-62,-123,53,-104,297.00384828047333,-115,-19,189.38085358280753
320,-62,-123,53,-104,297.00384828047333,-115,-19,189.38085358280753
321,-62,-123,53,-104,297.00384828047333,-115,-19,189.38085358280753
322,-62,-123,53,-104,297.00384828047333,-115,-19,189.38085358280753
323,-62,-123,53,-104,297.00384828047333,-115,-19,189.38085358280753
324,-62,-123,53,-104,297.00384828047333,-115,-19,189.38085358280753
325,-62,-123,53,-104,297.00384828047333,-115,-19,189.38085358280753
326,-62,-123,53,-104,297.00384828047333,-115,-19,189.38085358280753
327,-62,-123,53,-104,297.00384828047333,-115,-19,189.38085358280753
328,-62,-123,53,-104,297.00384828047333,-115,-19,189.38085358280753
329,-62,-123,53,-104,297.00384828047333,-115,-19,189.38085358280753
330,-62,-123,53,-104,297.00384828047333,-115,-19,189.38085358280753
331,-62,-123,53,-104,297.00384828047333,-115,-19,189.38085358280753
332,-62,-123,53,-104,297.00384828047333,-115,-19,189.38085358280753
333,-62,-123,53,-104,297.00384828047333,-115,-19,189.38085358280753
334,-62,-123,53,-104,297.00384828047333,-115,-19,189.38085358280753
335,-62,-123,53,-104,297.00384828047333,-115,-19,189.38085358280753
336,-62,-123,53,-104,297.00384828047333,-115,-19,189.38085358280753
337,-62,-123,53,-104,297.00384828047333,-115,-19,189.38085358280753
338,-62,-123,53,-104,297.00384828047333,-115,-19,189.38085358280753
339,-62,-123,53,-104,297.00384828047333,-115,-19,189.38085358280753
340,-62,-123,53,-104,297.00384828047333,-115,-19,189.38085358280753
341,-62,-123,53,-104,297.00384828047333,-115,-19,189.38085358280753
342,-62,-123,53,-104,297.00384828047333,-115,-19,189.38085358280753
343,-62,-123,53,-104,297.00384828047333,-115,-19,189.38085358280753
344,-62,-123,53,-104,297.00384828047333,-115,-19,189.38085358280753
345,-62,-123,53,-104,297.00384828047333,-115,-19,189.38085358280753
346,-64,-122,52,-105,296.34612110429777,-116,-17,188.33678384310863
347,-67,-120,49,-106,294.8091575075469,-116,-14,186.88105743296106
348,-71,-118,46,-108,293.0701546898677,-117,-10,184.8845286873838
349,-76,-115,41,-110,290.4415288829611,-117,-5,182.44636537903088
350,-81,-110,36,-111,287.96886254936754,-117,1,179.5109952024939
351,-87,-106,30,-113,284.8679922349152,-117,7,176.57680825933116
352,-91,-102,25,-114,282.3687627847881,-116,12,174.09452883816417
353,-92,-101,24,-114,281.888357449791,-116,13,173.60627030778676
354,-92,-101,24,-114,281.888357449791,-116,13,173.60627030778676
355,-92,-101,24,-114,281.888357449791,-116,13,173.60627030778676
356,-92,-101,24,-114,281.888357449791,-116,13,173.60627030778676
357,-92,-101,24,-114,281.888357449791,-116,13,173.60627030778676
358,-92,-101,24,-114,281.888357449791,-116,13,173.60627030778676
359,-92,-101,24,-114,281.888357449791,-116,13,173.60627030778676
360,-92,-101,24,-114,281.888357449791,-116,13,173.60627030778676
361,-92,-101,24,-114,281.888357449791,-116,13,173.60627030778676
362,-94,-100,22,-115,280.82977487992423,-116,15,172.63261325455744
363,-97,-98,19,-115,279.38119992284794,-116,17,171.66321615689137
364,-99,-96,16,-116,277.8529971832361,-115,20,170.13484777117446
365,-99,-96,16,-116,277.8529971832361,-115,20,170.13484777117446
366,-99,-96,16,-116,277.8529971832361,-115,20,170.13484777117446
367,-99,-96,16,-116,277.8529971832361,-115,20,170.13484777117446
368,-99,-96,16,-116,277.8529971832361,-115,20,170.13484777117446
369,-99,-96,16,-116,277.8529971832361,-115,20,170.13484777117446
370,-99,-96,16,-116,277.8529971832361,-115,20,170.13484777117446
371,-99,-96,16,-116,277.8529971832361,-115,20,170.13484777117446
372,-99,-96,16,-116,277.8529971832361,-115,20,170.13484777117446
373,-99,-96,16,-116,277.8529971832361,-115,20,170.13484777117446
374,-99,-96,16,-116,277.8529971832361,-115,20,170.13484777117446
375,-99,-96,16,-116,277.8529971832361,-115,20,170.13484777117446
376,-99,-96,16,-116,277.8529971832361,-115,20,170.13484777117446
377,-99,-96,16,-116,277.8529971832361,-115,20,170.13484777117446
378,-99,-96,16,-116,277.8529971832361,-115,20,170.13484777117446
379,-99,-96,16,-116,277.8529971832361,-115,20,170.13484777117446
380,-99,-96,16,-116,277.8529971832361,-115,20,170.13484777117446
381,-99,-96,16,-116,277.8529971832361,-115,20,170.13484777117446
382,-99,-96,16,-116,277.8529971832361,-115,20,170.13484777117446
383,-99,-96,16,-116,277.8529971832361,-115,20,170.13484777117446
384,-99,-96,16,-116,277.8529971832361,-115,20,170.13484777117446
385,-99,-96,16,-116,277.8529971832361,-115,20,170.13484777117446
386,-99,-96,16,-116,277.8529971832361,-115,20,170.13484777117446
387,-99,-96,16,-116,277.8529971832361,-115,20,170.13484777117446
388,-99,-96,16,-116,277.8529971832361,-115,20,170.13484777117446
389,-99,-96,16,-116,277.8529971832361,-115,20,170.13484777117446
390,-99,-96,16,-116,277.8529971832361,-115,20,170.13484777117446
391,-99,-96,16,-116,277.8529971832361,-115,20,170.13484777117446
392,-99,-96,16,-116,277.8529971832361,-115,20,170.13484777117446
393,-99,-96,16,-116,277.8529971832361,-115,20,170.13484777117446
394,-99,-96,16,-116,277.8529971832361,-115,20,170.13484777117446
395,-99,-96,16,-116,277.8529971832361,-115,20,170.13484777117446
396,-99,-96,16,-116,277.8529971832361,-115,20,170.13484777117446
397,-99,-96,16,-116,277.8529971832361,-115,20,170.13484777117446
398,-99,-96,16,-116,277.8529971832361,-115,20,170.13484777117446
399,-99,-96,16,-116,277.8529971832361,-115,20,170.13484777117446
400,-99,-96,16,-116,277.8529971832361,-115,20,170.13484777117446
401,-99,-96,16,-116,277.8529971832361,-115,20,170.13484777117446
402,-99,-96,16,-116,277.8529971832361,-115,20,170.13484777117446
403,-99,-96,16,-116,277.8529971832361,-115,20,170.13484777117446
404,-99,-96,16,-116,277.8529971832361,-115,20,170.13484777117446
405,-99,-96,16,-116,277.8529971832361,-115,20,170.13484777117446
406,-99,-96,16,-116,277.8529971832361,-115,20,170.13484777117446
407,-99,-96,16,-116,277.8529971832361,-115,20,170.13484777117446
408,-99,-96,16,-116,277.8529971832361,-115,20,170.13484777117446
409,-99,-96,16,-116,277.8529971832361,-115,20,170.13484777117446
410,-99,-96,16,-116,277.8529971832361,-115,20,170.13484777117446
411,-99,-96,16,-116,277.8529971832361,-115,20,170.13484777117446
412,-99,-96,16,-116,277.8529971832361,-115,20,170.13484777117446
413,-99,-96,16,-116,277.8529971832361,-115,20,170.13484777117446
414,-99,-96,16,-116,277.8529971832361,-115,20,170.13484777117446
415,-99,-96,16,-116,277.8529971832361,-115,20,170.13484777117446
416,-99,-96,16,-116,277.8529971832361,-115,20,170.13484777117446
417,-99,-96,16,-116,277.8529971832361,-115,20,170.13484777117446
418,-99,-96,16,-116,277.8529971832361,-115,20,170.13484777117446
419,-99,-96,16,-116,277.8529971832361,-115,20,170.13484777117446
420,-99,-96,16,-116,277.8529971832361,-115,20,170.13484777117446
421,-99,-96,16,-116,277.8529971832361,-115,20,170.13484777117446
422,-99,-96,16,-116,277.8529971832361,-115,20,170.13484777117446
423,-99,-96,16,-116,277.8529971832361,-115,20,170.13484777117446
424,-100,-96,15,-116,277.36773308548294,-115,20,170.13484777117446
425,-103,-96,12,-116,275.90581750187624,-115,20,170.13484777117446
426,-104,-95,11,-116,275.41669661972355,-115,21,169.65196876804458
427,-106,-94,9,-117,274.3983759421528,-115,23,168.69071668292204
428,-109,-90,5,-117,272.4467117190713,-114,27,166.67611014242672
429,-111,-85,2,-117,270.9789770829392,-113,32,164.18926090426626
430,-113,-80,-2,-117,269.02033023698004,-111,37,161.56567291537078
431,-117,-73,-8,-117,266.0880667948316,-109,44,158.0181698836451
432,-120,-69,-13,-116,263.60523128766556,-107,47,156.28700653854642
433,-121,-67,-15,-116,262.63157423443624,-106,49,155.19118883249348
434,-122,-66,-16,-116,262.1463101366831,-106,50,154.747432105711
435,-123,-66,-17,-116,261.6621771367702,-106,50,154.747432105711
436,-123,-66,-17,-116,261.6621771367702,-106,50,154.747432105711
437,-123,-66,-17,-116,261.6621771367702,-106,50,154.747432105711
438,-123,-66,-17,-116,261.6621771367702,-106,50,154.747432105711
439,-123,-66,-17,-116,261.6621771367702,-106,50,154.747432105711
440,-123,-66,-17,-116,261.6621771367702,-106,50,154.747432105711
441,-123,-66,-17,-116,261.6621771367702,-106,50,154.747432105711
442,-123,-66,-17,-116,261.6621771367702,-106,50,154.747432105711
443,-124,-66,-18,-116,261.179240165154,-106,50,154.747432105711
444,-125,-64,-20,-115,260.13380875105327,-105,51,154.094084986555
445,-126,-60,-23,-115,258.6896776628008,-103,55,151.89923323386185
446,-128,-57,-26,-114,257.1518993604128,-102,57,150.8030942755886
447,-130,-54,-29,-113,255.6060053017183,-101,59,149.70888001057185
448,-131,-51,-32,-113,254.1882218841451,-99,62,147.94319358195528
449,-133,-47,-35,-112,252.64556224154722,-98,65,146.4456273321355
450,-133,-46,-36,-111,252.03044477055164,-97,65,146.17440075129295
451,-134,-43,-38,-111,251.10133402003356,-96,68,144.6893433550355
452,-134,-42,-39,-110,250.47784826007438,-95,68,144.40586720475045
453,-135,-40,-41,-110,249.55777843695807,-94,70,143.3262018794438
454,-135,-38,-42,-109,248.92684594746476,-93,71,142.64095567307385
455,-136,-32,-47,-107,246.28596751842525,-89,75,139.87981206959932
456,-137,-28,-50,-106,244.74639308558983,-87,78,138.12266198682954
457,-139,-25,-53,-104,242.9954590394459,-86,79,137.42980218194523
458,-139,-23,-54,-104,242.55982011757712,-85,81,136.3808788954149
459,-140,-22,-56,-103,241.46709065372903,-84,81,136.04215019448196
460,-140,-22,-56,-103,241.46709065372903,-84,81,136.04215019448196
461,-140,-22,-56,-103,241.46709065372903,-84,81,136.04215019448196
462,-140,-22,-56,-103,241.46709065372903,-84,81,136.04215019448196
463,-140,-22,-56,-103,241.46709065372903,-84,81,136.04215019448196
464,-140,-22,-56,-103,241.46709065372903,-84,81,136.04215019448196
465,-140,-22,-56,-103,241.46709065372903,-84,81,136.04215019448196
466,-140,-22,-56,-103,241.46709065372903,-84,81,136.04215019448196
467,-140,-21,-56,-103,241.46709065372903,-84,82,135.69079936426604
468,-140,-19,-57,-102,240.8020552554674,-83,83,135.0005195100606
469,-141,-15,-61,-100,238.61634183409328,-80,85,133.26480824175445
470,-141,-6,-67,-96,235.0876890948531,-74,90,129.4283002630389
471,-144,0,-72,-92,231.9524647146419,-72,92,128.0475352853581
472,-144,8,-77,-88,228.81357000163902,-67,96,124.9123109051469
473,-145,16,-83,-83,224.9994804899394,-62,99,122.05784543816591
474,-146,20,-85,-80,223.26376922163325,-61,100,121.38365816590672
475,-146,22,-87,-79,222.2403622136585,-59,101,120.29215900954932
476,-146,25,-88,-77,221.1853909782398,-58,102,119.62420908999574
477,-146,25,-88,-77,221.1853909782398,-58,102,119.62420908999574
478,-146,25,-88,-77,221.1853909782398,-58,102,119.62420908999574
479,-146,25,-88,-77,221.1853909782398,-58,102,119.62420908999574
480,-146,25,-88,-77,221.1853909782398,-58,102,119.62420908999574
481,-146,25,-88,-77,221.1853909782398,-58,102,119.62420908999574
482,-146,25,-88,-77,221.1853909782398,-58,102,119.62420908999574
483,-146,25,-88,-77,221.1853909782398,-58,102,119.62420908999574
484,-146,25,-88,-77,221.1853909782398,-58,102,119.62420908999574
485,-146,26,-89,-76,220.49455629044766,-57,102,119.1979447445326
486,-146,31,-92,-73,218.43069109005128,-54,104,117.44017988242288
487,-147,34,-94,-70,216.6737981205562,-53,104,117.0045409605541
488,-148,37,-96,-68,215.3106566449645,-52,105,116.34681378437855
489,-148,37,-96,-68,215.3106566449645,-52,105,116.34681378437855
490,-148,37,-96,-68,215.3106566449645,-52,105,116.34681378437855
491,-148,37,-96,-68,215.3106566449645,-52,105,116.34681378437855
492,-148,37,-96,-68,215.3106566449645,-52,105,116.34681378437855
493,-148,37,-96,-68,215.3106566449645,-52,105,116.34681378437855
494,-148,37,-96,-68,215.3106566449645,-52,105,116.34681378437855
495,-148,37,-96,-68,215.3106566449645,-52,105,116.34681378437855
496,-148,37,-96,-68,215.3106566449645,-52,105,116.34681378437855
497,-148,37,-96,-68,215.3106566449645,-52,105,116.34681378437855
498,-148,37,-96,-68,215.3106566449645,-52,105,116.34681378437855
499,-148,37,-96,-68,215.3106566449645,-52,105,116.34681378437855
500,-148,37,-96,-68,215.3106566449645,-52,105,116.34681378437855
501,-148,37,-96,-68,215.3106566449645,-52,105,116.34681378437855
502,-148,37,-96,-68,215.3106566449645,-52,105,116.34681378437855
503,-148,37,-96,-68,215.3106566449645,-52,105,116.34681378437855
504,-148,37,-96,-68,215.3106566449645,-52,105,116.34681378437855
505,-148,37,-96,-68,215.3106566449645,-52,105,116.34681378437855
506,-148,37,-96,-68,215.3106566449645,-52,105,116.34681378437855
507,-148,37,-96,-68,215.3106566449645,-52,105,116.34681378437855
508,-148,37,-96,-68,215.3106566449645,-52,105,116.34681378437855
509,-148,37,-96,-68,215.3106566449645,-52,105,116.34681378437855
510,-148,37,-96,-68,215.3106566449645,-52,105,116.34681378437855
511,-148,37,-96,-68,215.3106566449645,-52,105,116.34681378437855
512,-148,37,-96,-68,215.3106566449645,-52,105,116.34681378437855
513,-148,37,-96,-68,215.3106566449645,-52,105,116.34681378437855
514,-148,37,-96,-68,215.3106566449645,-52,105,116.34681378437855
515,-148,37,-96,-68,215.3106566449645,-52,105,116.34681378437855
516,-148,37,-96,-68,215.3106566449645,-52,105,116.34681378437855
517,-148,37,-96,-68,215.3106566449645,-52,105,116.34681378437855
518,-148,37,-96,-68,215.3106566449645,-52,105,116.34681378437855
519,-148,37,-96,-68,215.3106566449645,-52,105,116.34681378437855
520,-148,37,-96,-68,215.3106566449645,-52,105,116.34681378437855
521,-148,37,-96,-68,215.3106566449645,-52,105,116.34681378437855
522,-148,37,-96,-68,215.3106566449645,-52,105,116.34681378437855
523,-148,37,-96,-68,215.3106566449645,-52,105,116.34681378437855
524,-148,37,-96,-68,215.3106566449645,-52,105,116.34681378437855
525,-148,37,-96,-68,215.3106566449645,-52,105,116.34681378437855
526,-148,37,-96,-68,215.3106566449645,-52,105,116.34681378437855
527,-148,37,-96,-68,215.3106566449645,-52,105,116.34681378437855
528,-148,37,-96,-68,215.3106566449645,-52,105,116.34681378437855
529,-148,37,-96,-68,215.3106566449645,-52,105,116.34681378437855
530,-148,37,-96,-68,215.3106566449645,-52,105,116.34681378437855
531,-148,37,-96,-68,215.3106566449645,-52,105,116.34681378437855
532,-148,37,-96,-68,215.3106566449645,-52,105,116.34681378437855
533,-148,37,-96,-68,215.3106566449645,-52,105,116.34681378437855
534,-148,37,-96,-68,215.3106566449645,-52,105,116.34681378437855
535,-148,37,-96,-68,215.3106566449645,-52,105,116.34681378437855
536,-148,37,-96,-68,215.3106566449645,-52,105,116.34681378437855
537,-148,37,-96,-68,215.3106566449645,-52,105,116.34681378437855
538,-148,37,-96,-68,215.3106566449645,-52,105,116.34681378437855
539,-148,37,-96,-68,215.3106566449645,-52,105,116.34681378437855
540,-148,39,-97,-66,214.23129449061355,-51,105,115.9069540335662
541,-147,42,-98,-64,213.14643070919604,-49,106,114.80985018762772
542,-146,44,-99,-63,212.47062456714605,-47,107,113.71403248157476
543,-145,48,-100,-60,210.9631830074226,-45,108,112.62029833435793
544,-144,50,-101,-59,210.29111998942815,-43,109,111.52943607029188
545,-143,52,-102,-58,209.62317006987456,-41,110,110.44222156304191
546,-143,52,-102,-58,209.62317006987456,-41,110,110.44222156304191
547,-143,52,-102,-58,209.62317006987456,-41,110,110.44222156304191
548,-143,52,-102,-58,209.62317006987456,-41,110,110.44222156304191
549,-143,52,-102,-58,209.62317006987456,-41,110,110.44222156304191
550,-143,52,-102,-58,209.62317006987456,-41,110,110.44222156304191
551,-143,52,-102,-58,209.62317006987456,-41,110,110.44222156304191
552,-143,53,-102,-57,209.1969057244114,-41,110,110.44222156304191
553,-142,56,-104,-54,207.43914086230168,-38,110,109.05812418845927
554,-140,63,-106,-49,204.80881116750652,-34,112,106.88720244811688
555,-139,68,-108,-45,202.61925931423673,-31,113,105.34129613920892
556,-137,72,-109,-42,201.07211503241408,-28,114,103.7998848395523
557,-137,74,-110,-40,199.98249074126272,-27,114,103.32492887769446
558,-136,76,-111,-38,198.89762695984524,-25,114,102.36945546486889
559,-134,78,-111,-37,198.43432708462922,-23,115,101.31032233719917
560,-133,80,-112,-35,197.35339873833158,-21,115,100.34907025207659
561,-132,81,-112,-34,196.88616342799568,-20,115,99.86619124894672
562,-130,84,-113,-32,195.81073909573374,-17,116,98.33782286322983
563,-128,86,-113,-30,194.8676458948748,-15,116,97.36842576556376
564,-126,88,-114,-28,193.79884581943114,-12,116,95.90651018195702
565,-124,91,-114,-26,192.84706161946596,-10,117,94.88556770750498
566,-121,94,-115,-23,191.30928331707796,-6,117,92.93603108358668
567,-118,96,-115,-21,190.34803123195542,-3,117,91.46915270669842
568,-116,99,-116,-18,188.81972081472483,0,117,90.0003463400404
569,-113,101,-116,-16,187.85265084319573,3,117,88.53153997338237
570,-110,104,-116,-13,186.39372969221324,6,117,87.06466159649412
571,-107,106,-117,-11,185.37032268423846,10,117,85.11512497257583
572,-102,110,-117,-6,182.9349920634655,15,116,82.63226691451705
573,-99,112,-117,-4,181.95738228423272,18,116,81.17993284523479
574,-95,115,-117,0,180.0006926800808,22,115,79.17022512007577
575,-90,120,-117,6,177.0650079365345,27,114,76.67576380238633
576,-87,121,-117,8,176.0891058149528,30,113,75.13200776508478
577,-86,121,-117,8,176.0891058149528,31,113,74.65939654087185
578,-86,121,-117,8,176.0891058149528,31,113,74.65939654087185
579,-86,121,-117,8,176.0891058149528,31,113,74.65939654087185
580,-86,121,-117,8,176.0891058149528,31,113,74.65939654087185
581,-86,121,-117,8,176.0891058149528,31,113,74.65939654087185
582,-86,121,-117,8,176.0891058149528,31,113,74.65939654087185
583,-86,121,-117,8,176.0891058149528,31,113,74.65939654087185
584,-86,121,-117,8,176.0891058149528,31,113,74.65939654087185
585,-86,121,-117,8,176.0891058149528,31,113,74.65939654087185
586,-86,121,-117,8,176.0891058149528,31,113,74.65939654087185
587,-86,121,-117,8,176.0891058149528,31,113,74.65939654087185
588,-86,121,-117,8,176.0891058149528,31,113,74.65939654087185
589,-86,121,-117,8,176.0891058149528,31,113,74.65939654087185
590,-86,121,-117,8,176.0891058149528,31,113,74.65939654087185
591,-86,121,-117,8,176.0891058149528,31,113,74.65939654087185
592,-86,121,-117,8,176.0891058149528,31,113,74.65939654087185
593,-86,121,-117,8,176.0891058149528,31,113,74.65939654087185
594,-86,121,-117,8,176.0891058149528,31,113,74.65939654087185
595,-86,121,-117,8,176.0891058149528,31,113,74.65939654087185
596,-86,121,-117,8,176.0891058149528,31,113,74.65939654087185
597,-86,121,-117,8,176.0891058149528,31,113,74.65939654087185
598,-86,121,-117,8,176.0891058149528,31,113,74.65939654087185
599,-86,121,-117,8,176.0891058149528,31,113,74.65939654087185
600,-86,121,-117,8,176.0891058149528,31,113,74.65939654087185
601,-86,121,-117,8,176.0891058149528,31,113,74.65939654087185
602,-86,121,-117,8,176.0891058149528,31,113,74.65939654087185
603,-86,121,-117,8,176.0891058149528,31,113,74.65939654087185
604,-86,121,-117,8,176.0891058149528,31,113,74.65939654087185
605,-86,121,-117,8,176.0891058149528,31,113,74.65939654087185
606,-86,121,-117,8,176.0891058149528,31,113,74.65939654087185
607,-86,121,-117,8,176.0891058149528,31,113,74.65939654087185
608,-86,121,-117,8,176.0891058149528,31,113,74.65939654087185
609,-86,121,-117,8,176.0891058149528,31,113,74.65939654087185
610,-86,121,-117,8,176.0891058149528,31,113,74.65939654087185
611,-86,121,-117,8,176.0891058149528,31,113,74.65939654087185
612,-86,121,-117,8,176.0891058149528,31,113,74.65939654087185
613,-86,121,-117,8,176.0891058149528,31,113,74.65939654087185
614,-86,121,-117,8,176.0891058149528,31,113,74.65939654087185
615,-86,121,-117,8,176.0891058149528,31,113,74.65939654087185
616,-86,121,-117,8,176.0891058149528,31,113,74.65939654087185
617,-86,121,-117,8,176.0891058149528,31,113,74.65939654087185
618,-86,121,-117,8,176.0891058149528,31,113,74.65939654087185
619,-86,121,-117,8,176.0891058149528,31,113,74.65939654087185
620,-83,122,-117,10,175.1154713126162,34,112,73.11349023196391
621,-79,125,-116,14,173.11894256703894,37,111,71.56532657533039
622,-72,128,-115,19,170.61914641719247,43,109,68.4712566097889
623,-66,131,-114,24,168.11198889024942,48,107,65.83933824013477
624,-62,134,-113,29,165.6070443218395,51,105,64.0937386465146
625,-57,136,-112,33,163.58339667247844,55,103,61.89888689382144
626,-53,139,-111,37,161.56567291537078,58,102,60.37648359008504
627,-48,140,-110,41,159.55881745707927,62,99,57.94284724191489
628,-45,142,-109,44,158.0181698836451,64,98,56.85322295076356
629,-41,143,-107,47,156.28700653854642,66,96,55.49169055589149
630,-38,144,-106,49,155.19118883249348,68,95,54.40552086471004
631,-37,144,-106,50,154.747432105711,69,94,53.71995323178371
632,-36,144,-106,50,154.747432105711,70,94,53.325855539403385
633,-36,144,-106,50,154.747432105711,70,94,53.325855539403385
634,-34,144,-105,51,154.094084986555,71,93,52.64060933303347
635,-34,144,-105,51,154.094084986555,71,93,52.64060933303347
636,-34,144,-105,51,154.094084986555,71,93,52.64060933303347
637,-34,144,-105,51,154.094084986555,71,93,52.64060933303347
638,-34,144,-105,51,154.094084986555,71,93,52.64060933303347
639,-34,144,-105,51,154.094084986555,71,93,52.64060933303347
640,-34,144,-105,51,154.094084986555,71,93,52.64060933303347
641,-34,144,-105,51,154.094084986555,71,93,52.64060933303347
642,-34,144,-105,51,154.094084986555,71,93,52.64060933303347
643,-34,144,-105,51,154.094084986555,71,93,52.64060933303347
644,-34,144,-105,51,154.094084986555,71,93,52.64060933303347
645,-34,144,-105,51,154.094084986555,71,93,52.64060933303347
646,-34,144,-105,51,154.094084986555,71,93,52.64060933303347
647,-34,144,-105,51,154.094084986555,71,93,52.64060933303347
648,-34,144,-105,51,154.094084986555,71,93,52.64060933303347
649,-34,144,-105,51,154.094084986555,71,93,52.64060933303347
650,-34,144,-105,51,154.094084986555,71,93,52.64060933303347
651,-34,144,-105,51,154.094084986555,71,93,52.64060933303347
652,-34,144,-105,51,154.094084986555,71,93,52.64060933303347
653,-34,144,-105,51,154.094084986555,71,93,52.64060933303347
654,-34,144,-105,51,154.094084986555,71,93,52.64060933303347
655,-34,144,-105,51,154.094084986555,71,93,52.64060933303347
656,-34,144,-105,51,154.094084986555,71,93,52.64060933303347
657,-34,144,-105,51,154.094084986555,71,93,52.64060933303347
658,-34,144,-105,51,154.094084986555,71,93,52.64060933303347
659,-34,144,-105,51,154.094084986555,71,93,52.64060933303347
660,-34,144,-105,51,154.094084986555,71,93,52.64060933303347
